YEAR,MN,DRF01,DRF02,DRF03,DRF04,DRF05,DRF06,DRF07,DRF08,DRF09,DRF10,DRF11,DRF12,DRF13,DRF14,DRF15,DRF16,DRF17,DRF18,DRF19,DRF20,DRF21,DRF22,DRF23,DRF24,DRF25,DRF26,DRF27,DRF28,DRF29,DRF30,DRF31
1970,1,0,0,0,0,0,0,0,0,0,0,0,0,0,0,0,0,0,0,0,0,0,0,0,0,0,0,0,0,0,0,0
1970,2,0,0,0,0,0,0,0,0,0,0,0,0,0,0,0,0,0,0,0,0,0,0,0,0,0,0,0,0,,,
1970,3,0,0,0,0,0,0,0,0,0,0,0,0,0,0,0,0,0,0,0,0,0,0,0,0,0,0,0,0,0,0,0
1970,4,0,0,0,0,50,75,0,0,0,0,0,0,0,0,0,0,0,0,0,0,0,0,0,0,0,0,0,0,0,0,
1970,5,0,0,0,0,0,0,0,0,0,16,6,0,0,0,0,0,0,30,27,0,0,0,0,0,0,27,32,45,66,61,28
1970,6,12,7,6,31,42,62,13,27,40,45,55,23,7,5,23,36,47,17,65,8,13,10,32,6,20,4,5,0,0,5,
1970,8,17,20,30,26,12,50,75,90,25,5,11,78,4,20,5,20,5,20,25,50,20,15,15,6,0,0,0,10,0,0,6
1970,9,0,0,0,0,0,0,0,0,0,0,0,0,40,10,0,0,0,0,40,50,57,8,0,0,0,0,0,0,0,0,
1970,10,0,0,30,0,0,0,0,0,0,20,15,4,29,5,0,0,0,14,25,30,35,25,7,0,0,0,0,0,0,0,0
1970,11,0,51,0,0,0,25,7,0,0,0,0,0,0,0,0,0,0,0,0,0,0,0,0,0,0,0,0,0,0,0,
1970,12,0,0,0,0,0,0,0,0,0,0,0,0,0,0,0,0,0,0,0,0,0,0,0,0,0,0,0,0,0,0,0
1971,1,0,0,0,0,0,0,0,0,0,0,0,0,0,0,0,0,0,0,0,0,0,0,0,0,0,0,0,0,0,0,0
1971,2,0,0,0,0,0,0,0,0,0,0,0,0,0,0,0,0,0,0,0,0,0,0,0,0,0,0,0,0,,,
1971,3,0,0,0,0,0,0,0,0,0,0,0,0,0,0,0,0,0,0,0,0,0,0,0,0,0,0,0,0,0,0,0
1971,4,0,0,0,0,0,0,6,0,0,0,0,0,0,0,0,0,0,0,0,0,0,3,0,0,8,5,0,0,0,23,
1971,5,3,0,0,0,0,0,0,0,0,0,0,0,47,0,16,6,2,12,0,0,1,12,0,0,24,18,55,50,62,60,2
1971,6,3,15,11,0,35,114,50,95,25,6,47,80,2,0,15,45,20,40,38,30,41,44.7,23.8,41.3,144.2,54.3,57.8,34.9,35,2.9,
1971,7,28,0,7,35,12,54,10,0,11,12,0,0,0,17,20,20,0,36,40,117,60,36,33,78,111,37,15,53,28,46,5
1971,8,0,0,0,0,0,0,0,1,10,47,10,3,48,22,1,0,0,0,2,4,24,34,28,13,10,6,0,0,10,5,0
1971,9,27,0,0,5,0,0,0,0,0,0,0,0,0,0,0,0,0,66,20,0,0,30,17,5,40,35,14,18,15,22,
1971,10,18,0,0,0,0,0,16,0,0,0,0,29,0,0,0,0,0,0,0,8,3,62,31,13,16,78,7,0,0,0,0
1971,11,0,0,0,0,0,0,0,0,0,0,0,0,12,2,0,0,0,0,0,0,0,0,0,0,0,0,0,0,0,0,
1971,12,0,0,0,0,0,0,0,0,0,0,0,0,0,0,0,0,0,0,0,0,0,0,0,0,0,0,0,0,0,0,0
1972,1,0,0,0,0,0,0,0,0,0,0,0,0,0,0,0,0,0,0,0,0,0,0,0,0,0,0,0,0,0,0,0
1972,2,0,0,0,0,0,0,0,0,0,0,0,0,0,0,0,0,0,0,0,0,0,0,0,0,0,0,0,0,0,,
1972,3,0,0,0,0,0,0,0,0,0,0,0,0,0,0,0,0,0,0,0,0,0,0,0,0,0,0,0,0,0,0,0
1972,4,0,0,0,0,0,0,0,0,0,0,0,2,0,4,0,0,0,0,8,0,0,0,0,0,0,0,0,0,0,0,
1972,5,0,0,0,0,0,93,3,4,0,5,0,92,40,120,17,46,20,0,0,0,0,0,0,0,0,2,0,3,18,0,0
1972,6,0,0,10,0,9,0,0,0,0,0,0,0,0,0,0,13,0,3,23,3,4,5,39,24,14,20,41,55,81,73,
1972,7,26,24,83,12,10,18,54,40,25,16,14,56,18,14,45,23,73,10,5,0,29,0,0,3,4,18,3,10,4,4,0
1972,8,16,10,0,13,15,1,4,12,28,0,7,28,6,7,5,5,5,4,2,41,59,0,8,31,12,5,40,0,0,0,0
1972,9,0,0,0,0,0,0,0,22,7,0,9,5,0,0,0,0,0,0,0,0,0,0,0,0,105,5,0,12,5,0,
1972,10,0,0,38,3,0,52,88,0,0,0,24,0,6,35,2,11,0,9,5,0,24,0,0,0,0,32,0,24,6,0,0
1972,11,2,26,2,0,0,0,0,0,0,0,0,0,0,14,0,0,0,0,0,0,0,0,0,0,0,0,0,0,0,18,
1972,12,0,0,0,0,0,0,0,43,68,32,38,0,0,0,0,0,0,0,0,0,0,0,0,0,0,0,0,0,0,0,0
1973,1,0,0,0,0,0,0,0,0,0,0,0,0,0,0,0,0,0,0,0,0,0,0,0,0,0,0,0,0,0,0,0
1973,2,0,0,0,0,0,0,0,0,0,0,0,0,0,0,0,0,0,0,0,0,0,0,0,0,0,0,0,0,,,
1973,3,0,0,0,0,0,0,0,0,0,0,0,0,0,0,0,0,0,0,0,0,0,0,0,0,0,0,0,0,0,0,7
1973,6,54,8,0,15,0,23,45,5,15,5,18,33,21,13,12,14,34,75,33,36,1,0,0,12,11,7,30,31,12,12,
1973,7,24,37,31,70,40,58,21,78,47,10,20,0,7,15,0,12,3,34,18,19,0,0,0,0,0,0,0,0,0,0,0
1973,8,2,33,16,5,4,6,5,4,9,7,0,6,18,15,12,18,25,10,15,3,28,0,25,15,0,5,27,0,7,18,3
1973,9,0,0,15,3,0,32,5,0,0,0,0,0,0,0,0,0,0,0,0,0,0,0,0,0,0,0,0,0,0,0,
1973,10,0,0,0,0,0,0,0,0,0,14,1,0,8,42,12,0,20,32,7,3,33,1,7,0,5,9,0,0,7,2,0
1973,11,8,3,0,0,4,0,0,0,0,0,0,0,0,0,0,0,5,0,0,0,0,0,0,0,0,0,0,0,0,0,
1973,12,0,0,0,0,0,0,0,0,0,0,0,0,0,0,0,0,0,0,0,0,0,0,0,0,0,0,0,6,10,0,0
1974,1,0,0,0,0,0,0,0,0,0,0,0,0,0,0,0,0,0,0,0,0,0,0,0,0,0,0,0,0,0,0,0
1974,2,0,0,0,0,0,0,0,0,0,0,0,0,0,0,0,0,0,0,0,0,0,0,0,0,0,0,0,0,,,
1974,3,0,0,0,0,0,0,0,0,0,0,0,0,0,0,0,0,0,0,0,0,0,0,0,0,0,0,0,0,0,0,0
1974,4,0,0,0,0,0,0,3,0,0,13,20,2,0,0,26,0,0,0,0,0,0,0,0,0,0,0,0,0,0,0,
1974,5,0,0,0,0,0,0,0,0,0,0,0,0,25,0,8,0,0,0,7,3,0,0,0,5,1,3,0,0,3,9,54
1974,6,22,12,5,6,0,0,0,17,12,6,4,2,36,3,13,18,61,7,11,0,0,7,6,5,7,53,8,0,13,3,
1974,7,22,9,17,41,70,87,153,7,15,15,26,5,18,42,16,6,14,0,8,18,85,18,26,35,22,43,65,14,30,38,69
1974,8,45,30,37,13,5,35,0,0,1,55,56,37,8,14,27,25,73,10,28,36,0,0,0,0,0,0,0,0,0,0,0
1974,9,0,0,0,0,0,0,0,0,11,4,5,9,0,0,0,7,60,13,66,30,3,0,38,2,93,40,7,30,6,0,
1974,10,0,53,2,6,7,11,6,0,0,1,8,3,0,13,0,3,0,0,0,0,0,0,2,0,0,0,0,0,0,0,0
1974,11,0,0,0,0,0,0,0,0,0,0,0,0,0,0,7,0,0,0,0,0,0,0,0,0,0,0,0,12,0,0,
1974,12,0,0,0,0,0,0,0,0,0,0,0,0,0,0,0,0,0,0,0,0,0,0,0,0,0,0,0,0,0,0,0
1975,1,0,0,0,0,0,0,0,0,0,0,0,0,0,0,0,0,0,0,0,0,0,0,0,0,0,0,0,0,0,0,0
1975,2,0,0,0,0,0,0,0,0,0,0,0,0,0,0,0,0,0,0,0,0,0,0,0,0,0,0,0,0,,,
1975,3,0,11,0,0,0,11,25,0,0,0,0,0,0,0,0,0,0,0,0,0,0,0,0,0,0,0,0,0,0,0,0
1975,4,0,0,0,0,0,0,0,0,0,0,0,0,0,0,0,0,0,0,0,0,0,0,0,0,40,0,0,0,44,33,
1975,5,0,0,2,0,0,0,0,0,0,0,2,7,19,0,22,45,22,14,0,0,0,29,0,0,8,0,0,0,5,0,2
1975,6,21,43,45,15,14,13,27,11,5,0,9,13,17,6,23,31,5,28,11,53,175,50,16,68,46,7,32,15,32,31,
1975,7,11,6,23,16,0,4,5,97,3,50,109,62,42,20,27,19,8,44,19,1,0,5,5,12,14,3,13,10,2,6,23
1975,8,19,6,22,9,1,22,9,23,20,35,17,23,26,49,20,137,36,9,10,21,0,1,24,1,0,12,38,45,9,22,2
1975,9,2,11,8,0,18,6,0,1,5,71,50,0,0,0,52,53,1,5,0,0,6,0,0,15,45,44,13,52,32,8,
1975,10,33,6,1,5,0,6,7,45,0,40,32,4,0,0,2,13,6,13,4,26,0,0,0,8,0,5,9,70,5,0,0
1975,12,0,0,0,0,0,0,0,5,0,0,0,0,0,0,0,0,0,0,0,0,0,0,0,0,0,0,0,0,0,0,0
1976,1,0,0,0,0,0,0,0,0,0,0,0,0,0,0,0,0,0,0,0,0,0,0,0,0,0,0,0,0,0,0,0
1976,3,0,0,0,0,0,0,0,0,0,0,0,0,0,0,0,0,0,0,0,0,0,0,0,0,0,0,0,0,0,0,36
1976,4,0,66,0,6,3,0,0,0,0,0,0,0,0,0,0,50,0,0,0,0,0,0,0,56,0,0,0,0,0,0,
1976,5,13,0,0,0,0,0,0,0,0,0,0,0,0,0,4,0,0,75,0,0,0,0,0,0,0,0,0,0,7,65,4
1976,6,14,12,0,13,0,1,30,0,9,6,10,0,0,12,0,0,0,0,0,0,0,0,0,6,24,51,37,5,7,2,
1976,7,8,0,3,45,50,3,0,0,0,12,4,12,20,4,11,34,28,15,18,11,77,31,108,179,47,37,45,24,35,6,0
1976,8,3,20,44,69,30,0,0,0,3,0,0,5,0,0,9,9,10,0,0,15,35,4,5,9,16,20,17,20,20,59,27
1976,9,0,22,26,48,15,0,0,0,13,0,0,11,0,0,8,0,0,17,0,0,0,0,0,0,0,8,0,0,0,0,
1976,10,0,0,0,0,0,0,0,0,6,55,19,69,0,0,0,2,0,0,10,15,0,0,0,0,0,0,0,0,0,0,0
1976,11,0,0,46,0,0,0,7,0,24,0,13,10,0,0,0,0,0,0,66,38,0,6,0,0,45,0,0,0,0,0,
1976,12,0,0,11,0,3,0,0,0,0,0,0,0,0,0,0,0,0,0,0,0,0,0,0,0,0,0,0,0,0,0,0
1977,1,0,0,0,0,0,0,0,0,0,0,0,0,0,0,0,0,0,0,0,0,0,0,0,0,0,0,0,0,0,0,0
1977,2,0,0,0,0,0,0,0,0,0,0,0,0,0,0,0,0,0,0,0,8,13,0,0,0,0,0,0,0,,,
1977,3,0,0,0,0,0,0,0,0,0,0,0,0,0,0,0,0,0,0,0,0,0,0,0,0,0,0,0,0,0,0,0
1977,4,0,0,0,0,0,32,0,0,0,0,0,0,0,0,0,0,0,0,0,0,0,0,0,0,0,0,0,0,0,0,
1977,5,0,0,55,29,20.9,0,0,6,4,0,6,46,0,78,0,0,0,0,0,37,18,15,0,0,0,0,24,0,65,0,0
1977,6,25,21,0,0,0,0,65,68,18,0,93,3,3,0,20,66,60,0,28,57,70,0,45,23,28,81,12,10,21,19,
1977,7,13,30,14,45,97,107,62,99,30,40,62,22,26,7,0,33,23,31,60,43,75,90,80,48,70,34,53,3,38,61,39
1977,8,5,8,22,0,0,16,17,54,0,18,0,0,0,8,0,0,0,0,11,33,4,10,14,34,7,28,0,0,0,12,40
1977,9,78,4,39,85,40,4,42,0,6,8,6,23,0,0,0,0,0,0,0,0,0,0,0,0,0,0,0,0,0,0,
1977,10,3,0,0,0,22,0,19,15,10,0,7,9,26,0,82,52,60,98,0,55,6,8,23,38,13,6,20,0,0,0,0
1977,11,0,7,0,5,30,35,30,112,115,0,0,115,42,0,25,4,12,0,5,0,50,35,36,0,36,0,6,6,0,0,
1978,1,0,0,0,0,0,0,0,0,0,0,0,0,0,0,0,0,0,0,0,0,0,0,0,0,0,0,0,0,0,0,0
1978,2,0,0,0,0,0,0,0,0,0,0,0,0,0,0,0,0,0,0,0,0,0,0,0,0,0,0,0,0,,,
1978,3,0,0,0,0,0,0,0,0,0,0,0,0,0,0,0,0,0,0,0,0,0,0,0,0,0,0,0,0,0,0,0
1978,4,0,0,0,0,0,0,0,0,0,10,0,0,0,0,0,0,0,0,0,0,0,0,0,0,0,5,0,0,0,0,
1978,7,18,45,8,28,15,15,28,62,85,81,109,98,35,53,0,0,12,10,0,22,12,22,103,24,50,115,24,55,50,40,22
1978,10,7,0,0,0,0,0,0,3,0,0,1,0,0,10,1,0,0,0,0,6,43,59,0,0,0,0,0,0,0,45,38
1979,1,0,0,0,0,0,0,0,0,0,0,0,0,0,0,0,0,0,0,0,0,0,0,0,0,0,0,0,0,0,0,0
1979,2,0,0,0,0,0,0,0,0,0,0,0,0,0,0,10,0,0,0,0,0,0,0,0,0,0,0,0,0,,,
1979,5,0,0,17,0,0,0,0,7,0,0,0,0,50,65,0,0,0,0,0,0,0,0,0,0,0,0,0,0,0,0,0
1980,5,0,25,0,0,0,0,0,15,0,0,0,5,0,0,0,0,0,0,0,3,0,25,0,0,0,0,0,2,0,5,23
1980,6,51,10,55,146,40,45,42,107,11,4,11,28,1,8,8,28,8,17,71,97,80,15.2,14.1,56.2,41,48.2,34.1,64.3,33.2,28,
1981,5,0,0,0,0,0,0,105,0,33,0,0,0,0,0,0,49.3,0,7,3,0,0,7,0,0,40,0,12,97,0,0,0
1981,6,11,26,62.2,107,78,45,30,86,36.4,0,15,112,30,26,46,89,38,88,23,62,83,49,24,103,13.2,49,13,19,0,0,
1981,7,0,0,0,0,12,39,26,39,15,7,15.4,52,45,28,3.1,1,5,0,0,1.4,0,0,16,19,8,7,45.3,10,8,27,3
1981,8,5.3,21,19,4.2,10,11,0,1,0,43,18,9,1,4,3,0,29,43,157,35.2,33,15,10,11,0,0,0,1,10,28,4
1982,2,0,0,0,0,0,0,0,0,0,0,0,0,0,0,0,0,0,0,0,0,0,0,0,0,0,0,0,0,,,
1982,3,0,0,0,0,0,0,0,0,0,0,0,0,0,0,0,0,0,0,0,0,0,0,0,0,0,0,0,0,0,0,0
1983,1,0,0,0,0,0,0,0,0,0,0,0,0,0,0,0,0,0,0,0,0,0,0,0,0,0,0,0,0,0,0,0
1983,2,0,0,0,0,0,0,0,0,0,0,0,0,0,0,0,0,0,0,0,0,0,0,0,0,0,0,0,0,,,
1983,3,0,0,0,0,0,0,0,0,0,0,0,0,0,0,0,0,0,0,0,0,0,0,0,0,0,0,0,0,0,0,0
1983,4,0,0,0,0,0,0,0,0,0,0,0,0,0,0,0,0,0,0,0,0,0,0,0,0,0,0,0,0,0,0,
1983,5,0,0,0,0,0,0,0,0,0,31,0,0,0,0,0,0,0,18.3,0,0,0,0,0,0,0,0,7.2,15,0,0,0
1983,7,72.2,8,0,1,0,0,0,4,4.3,26,5,50,21.3,138,67.2,14.4,13,15,49,17,178,80,43,3,23.2,0.4,22,0,0,9.2,20
1983,9,2,14,2,8,48.2,16,10,0,0,0,21,91,4,3,22,49,40,17,16.2,50,43,20,54,3,13.2,3,5,2,22.2,4.2,
1983,10,0,2,16,11,16.4,0,0,0,0,0,0,0,0,0,0,0,0,6,22,0,0,0,0,0,0,8,2,1,4,24,0
1983,12,0,0,0,0,0,0,0,0,0,0,0,0,0,0,0,0,0,0,0,0,0,3,0,2,0,11,0,0,45,61,0
1984,5,0,0,0,0,0,0,0,0,0,0,0,0,0,0,0,0,1,0,0,7.2,0,0,0,1,0,0,0,0,0,2,0
1984,7,29.3,28,42,55,26.3,8,55.2,5,3,3,10,52,45,12,19,60,35,21,34.2,55,27.3,1,17.2,0,0,1,2,0,5.2,31,8.5
1985,8,66,13,22,12,2,3,18,18,0,0,21.3,21.3,21.3,21.3,21.3,21.3,21.3,21.3,21.3,21.3,0,0,14,4,0,0,0,0,27,0,0
1985,9,0,0,0,2,2,0,0,0,0,0,2,50,5,0,14,0,0,0,0,0,0,0,0,1,7,2,0,0,0,5,
1985,10,7,46,6,5,24,50,15,1,3,3,0,4,49,0,0,0,11,0,0,0,8,1,0,0,0,0,11,0,10,2,0
1986,3,0,0,0,0,0,0,0,0,0,0,0,0,0,0,0,0,0,0,0,0,0,0,0,0,0,0,0,0,0,0,0
1986,4,0,0,0,0,0,0,0,0,0,0,0,0,0,0,0,0,0,0,0,0,0,0,3.3,1,0,0,0,32,2,1,
1986,6,0,0,0,0,0,0,0,0,34,0,3,0,29,16,14,14,26,57,44,19,5,13,14,48,77,10,34,107,44,9,
1986,8,0,0,6,17,8.3,6,88,54,54,49.3,9,5,24,3,0,0,0,0,0,0,0,0,0,0,0,0,0,0,0,0,0
1986,9,0,0,0,0,7,9,3,0,0,0,0,0,0,0,0,0,10,14,2,59,70,114,0,2,72,0,0,0,12,16.2,
1986,10,20,0,0,0,0,0,0,0,0,0,0,0,17,1,0,1,0,0,6,0,0,0,0,25,0,5,53,49,30,0,0
1986,11,4,30,0,0,31,27,30,8,47,17,19,22,0,0,0,0,0,0,0,0,0,0,0,0,0,0,0,0,0,0,
1987,4,0,0,0,0,0,0,0,0,0,0,0,0,0,0,0,0,0,0,0,0,3,0,0,0,0,0,0,0,0,0,
1987,6,24,17.2,14.7,5,15,11.3,0,0,8,4,16,15,63,10.3,44.6,27,40,50.2,0,12,0,2.1,132,4,34,2.4,158.6,22,1,3.2,
1988,7,13,4,0,0,0,0,2,9,0,2,5.6,22,17,6.6,5.4,6,47,77,9,0.6,53,95.2,16,18.2,35,2.4,20,12,6.2,8,6
1988,8,3.6,0,7,26,12,5.6,3,0,54,30,6,1.8,16,1.8,10,21,74,18.9,4.2,6.6,2.2,1.5,4.3,33.6,0,0,34.8,46,0,34,0
1990,6,14.6,3,5.3,2,0,6.4,6,11.3,12,17,7,20,50.4,31,56,5.1,0,0,0,26,15.5,26,4.3,3,19,10,25,4.3,0,11,
1990,7,15,62,51,21,36.3,100,8,8,0,49,62,40,10.4,40,14,1.5,12,12.3,60,25,32,29,45.3,3.2,9,7,0,4.3,0,20,3
1990,8,28,14.6,14,29,0,3,2,1.2,18,25,38,4,2.6,4,32,3.2,3,1.4,10,0,0,0,9,35.8,0,0,0,0,0,13,0
1990,9,9.2,0,0,0,14,6,12,0,3,0,0,0,0,0,0,0,0,0,0,0,6,0,8.6,26,0,0,0,0,0,6,
1990,10,0,9.2,8.2,0,10,0,0,0,0,0,0,0,0,0,0,0,0,0,18,10,0,0,126.6,0,56,28,35,13,0,63,59
1990,11,12,0,0,33,0,0,0,0,0,0,0,5,0,0,0,0,0,0,0,0,0,0,0,0,0,0,0,0,0,0,
1990,12,0,0,0,0,0,0,0,0,0,0,0,0,0,0,0,0,0,0,0,0,0,0,0,0,0,0,0,0,0,0,0
1991,1,0,0,0,0,0,0,0,0,0,0,0,0,0,0,0,0,0,0,0,0,0,0,0,0,0,0,0,0,0,0,0
1991,2,0,0,0,0,0,0,0,0,0,0,0,0,0,0,0,0,0,0,0,0,0,0,0,0,0,0,0,0,,,
1991,3,0,0,0,0,0,0,0,0,0,0,0,0,0,0,0,0,0,0,0,0,0,0,0,0,0,0,0,0,0,0,0
1991,4,0,0,0,0,0,0,0,0,0,0,0,0,0,0,0,0,0,0,9,3,0,0,0,0,0,0,0,0,0,0,
1991,5,0,0,0,0,0,0,0,0,0,0,0,20,0,0,3,0,0,6.3,0,0,0,0,0,50.3,2,0,17,0,8.6,0,0
1991,6,0,16,120,74.4,45,97,48,14,60,10,14.1,7.4,120,0,34,1.2,14.4,28.2,12,9,0,18,16,15,15,88,59,12,32,0,
1991,7,45,2.3,0,16,0,0,15,92,70,51.2,11,14,3,20,0,0,18,20,68,3.2,11.6,0,50,8,32.2,34,138,25,104.4,51,36
1991,8,85,5,9,1,1,3,20,8,8,7.1,0,15,54,72.3,16,1.9,43,104.2,24.2,0,3,6,9.3,10,16.8,16.2,8,1,0,0,0
1991,9,0,0,0,0,0,0,0,0,0,0,0,0,0,0,0,0,0,0,0,0,20,0,8.3,14,1.2,3.1,11,0,0,0,
1991,10,1.1,5.8,5.4,0,0,0,0,0,6.2,0,32,0,0,28,0,0,0,11,2.3,20,20.1,0,0,10.2,2.1,20.4,5,1,17.2,31.3,8.1
1991,11,24,0,0,0,0,51,4,0,13,20,23,8,0,0,0,1.2,0,10.6,0,0,0,0,0,0,0,0,0,0,0,0,
1991,12,0,0,0,0,0,0,0,0,0,0,0,0,0,0,0,0,0,0,0,0,0,0,0,0,0,0,0,0,0,0,0
1992,1,0,0,0,0,0,0,0,0,0,0,0,0,0,0,0,0,0,0,0,0,0,0,0,0,0,0,0,0,0,0,0
1992,2,0,0,0,0,0,0,0,0,0,0,0,0,0,0,0,0,0,0,0,0,0,0,0,0,0,0,0,0,0,,
1992,3,0,0,0,0,0,0,0,0,0,0,0,0,0,0,0,0,0,0,0,0,0,0,0,0,0,0,0,0,0,0,0
1992,4,0,0,0,0,0,0,0,0,0,0,0,0,0,0,0,0,0,0,0,0,0,0,0,0,0,0,0,0,0,0,
1992,5,0,0,0,0,0,0,0,48.4,0,0,3,0,14.1,0,14,0,0,0,40,1,0,0,0,0,0,0,0,0,0,0,0
1992,6,0,0,14,0,0,10,1,320,53,3.2,12.2,0,220,53,8.1,2,40,58.2,28,12,40,31.5,16.2,13,1.4,7.3,19.4,0,14,131,
1992,7,68.2,20.2,30,13,0,5,31.4,4,5,0,0,3,0,27,11,8,59,20.9,50,9.2,92.4,3,7,3,12,21.2,31,49,120,15.4,17.2
1992,8,74,3,40,10,2.3,8,0,3,8.2,38.8,26,8,3,2.3,0,0,3,35,26.2,21.4,1,0.5,15,0,0,0,0,50,26.8,20,35
1992,9,6,40,36.3,6.4,17,24.8,10,7.3,12.9,0,0,0,0,0,0,0,0,0,0,0,0,60,0,27,7.1,4,3,37,49,6.9,
1992,10,0,0,48.6,48.2,34,20,10,2.6,3,87,8,0,0,0,109,2.4,0,0,0,0,20,20,0,0,0,4,0,0,0,0,0
1992,11,0,5.8,39,12,2,0,21.2,0,15,0,0,0,0,10,100,8,10.8,33,0,0,0,48.6,0,2,0,0,0,0,0,0,
1992,12,0,0,0,0,0,0,0,0,0,0,0,0,0,0,0,0,0,0,0,0,0,0,0,0,0,0,0,0,0,0,0
1993,1,0,0,0,0,0,0,0,0,0,0,0,0,0,0,0,0,0,0,0,0,0,0,0,0,0,0,0,0,0,0,0
1993,2,0,0,0,0,0,0,0,0,0,0,0,0,0,0,0,0,0,0,0,0,0,0,0,0,0,0,0,0,,,
1993,3,0,0,0,0,0,0,0,0,0,0,0,0,0,0,0,0,0,0,0,0,0,0,0,0,0,0,0,0,0,0,0
1993,4,0,0,0,0,0,0,0,0,0,0,0,0,0,0,0,0,0,0,0,0,0,0,0,0,0,0,0,0,0,0,
1993,5,0,0,0,0,0,0,0,0,0,0,0,0,0,0,0,0,0,0,56,0,0,40,0,0,0,0,5,28.8,24,0,0
1993,6,0,0,5.3,0,0,75,68.4,10.6,8.1,25,11,44,18.3,52,70,1.6,15,31,33,0,30,3,0,3,14.2,0,27,90.3,0,100,
1993,7,36,54.2,43,1,18,0,12.2,60.2,3,30,33,29,27,23,5,5.3,22,15,0,0,30,22,3,9,50,32,40,2,4,15,7
1993,8,21,15,8,20,3,0,0,8.2,0.6,4,15,3.2,14,5,14,0.8,14,0,0,0,6,0,25,7,19.4,5.2,2,0,0,5,5.3
1993,9,2,5,0,0,0,6,0,0,0,0,4,0,0,0,0,0,0,0,0,0,0,5,7,3,2.4,0,8.2,0,19,1,
1993,10,21,20,40.4,56,36,20,0,60,10,34,1,85,1.2,1,0,0,0,112,23.2,10,3,1,30,0,0,0,0,0,0,0,0
1993,11,15,0,0,0,0,0,0.6,0,26,18,15,8,0,0,0,0,0,0,2.3,0,0,0,0,0,0,0,0,0,0,0,
1993,12,0,0,0,0,0,0,0,0,0,0,0,0,0,0,0,0,0,0,0,0,0,0,0.6,0,0,0,0,0,0,0,0
1994,1,0,0,0,0,0,0,0,0,0,0,0,0,0,0,0,0,0,16.2,0,0,0,0,0,0,0,0,0,0,0,0,0
1994,2,0,0,0,0,0,0,0,0,0,0,0,0,2,0,0,0,0,0,0,0,0,0,0,0,0,0,0,0,,,
1994,3,0,0,0,0,0,0,0,0,0,0,0,0,0,0,0,0,0,0,0,0,0,0,0,0,0,0,0,0,1,0,16
1994,4,0,0,0,0,12.3,30,30,0,0,1.9,0,0,0,0,0,1.7,3.5,0,0,0,0,0,0,0,0,0,0,0,34,0,
1994,5,0,0,0,0,0,0,0,0,10,0,0,0,0,9.1,50,0,6.1,0,3.2,0,0,0,0,3,0,0,0,0,13,25,9.2
1994,6,18,89,41,60,65,42,81,20.2,50,31,30,143,9,40,17.2,1.7,26,3.2,10,30,0,0,0,27.2,46,37,5,6,36,86,
1994,7,3,13,43,25,4.2,0,5,26,18,32.3,38,38,38,120,40,5.3,70,55,40,47.3,52,10,27,10,11,15,40.2,50,33,51,25
1994,8,56.4,100,108,32,29.5,1,0,0,0,7,0,2.2,0,4.5,0,0,6.3,23,18,4,0,47,0,5,5,11,8,20,40,23,38
1994,9,150,25,10,28,24,50,33.4,0,0,0,0,0,0,0,20,0,0,0,10,0,0,0,0,0,0,0,2,0,0,0,
1994,10,0,21,20,36,38,3,7,0,0,30,0,85,0,0,20,0.5,136,10,5,17,0,0,27,0,0,0,62,38,0,50,0
1994,11,41,16,9,0,23,10,0,0,0,0,0,0,0,0,0,0,0,0,0,0,0,0,0,0,0,0,0,0,0,0,
1994,12,0,0,0,0,0,0,0,0,0,0,0,0,0,0,0,0,0,0,0,0,0,0,0,0,0,0,0,0,0,0,0
1995,1,0,0,0,0,0,0,0,0,0,0,0,0,0,0,0,0,0,0,0,0,0,0,0,0,0,0,0,0,0,0,0
1995,2,0,0,0,0,0,0,0,0,0,0,0,0,0,0,0,0,0,0,0,0,0,0,0,0,0,0,0,0,,,
1995,3,0,0,0,0,0,0,7,0,1.2,0,0,0,0,0,0,0,0,0,0,0,0,0,0,0,0,0,0,0,0,0,0
1995,4,0,0,0,0,0,107,0,0,0,0,0,0.5,0,0,40,0,0,0,20,0,3,0,0,0,0,0,0,0,10,0,
1995,5,13,0,0,0,16,19,100,190,40,85,53,10,4.1,5,8,0.3,0,0,0,0,13,0,0,0,0.8,0,0,0,0,0,0
1995,6,0,0,18,0,0,0,0,22,0,29,19.2,40,64,96,37,3.1,20,13,5,0,6,38,3.3,4,0.8,6,45,6.6,29,17,
1995,7,40,0,12,0,17,20,68.2,0,45.2,13,67,24.2,24.8,2,16,6,116,33,23.2,4,0,4.2,38,0,62,0,35.2,24,25,10,60
1995,8,1,6,0,0,35,10.2,0,2,8,0,0,43,0,0,0,0.5,0.8,70,50,0,10,10.3,34,125,5.7,54,22,19,19,30,55
1995,9,21,24,7,10,12,65,0,0,0,0,0,4.3,0,12,2,98.2,20,0,6,0,0,34,0,0,0,0,0,0,0,,
1995,10,0,19,0,0,3,3,0,0,20,9,0,0,0,0,0,2.5,0,0,6,0,2,0,0,0,20,0,0,0,76.5,0,0
1995,11,10,3,24,60,2,19,8,20,20,0,0,0,0,0,0,0,0,0,0,0,0,0,0,0,0,0,0,0,0,0,
1995,12,0,0,0,0,0,0,0,0,0,0,0,0,0,0,0,0,0,0,0,0,0,0,0,0,0,0,0,0,0,0,0
1996,1,0,0,0,0,0,0,0,0,0,0,0,0,0,0,0,0,0,0,0,0,0,0,0,0,0,0,0,0,0,0,0
1996,2,0,0,0,0,0,0,0,0,0,0,0,0,0,0,0,0,0,0,0,0,0,0,0,0,0,0,0,0,0,,
1996,3,0,0,0,0,0,0,0,0,0,0,0,0,0,0,0,0,0,0,0,0,0,0,0,0,0,0,0,0,0,0,0
1996,4,0,0,0,0,0,0,0,0,0,0,0,0,15,0,0.4,0,40,0,0,0,45,0,0,0,0,0,30,0,0,,
1996,5,21,4,0,0,0,0,0,0,0,0,0,0,0,0,0,0,0,0,0,5,0,0,0,0,0,0,0,0,0,0,0
1996,6,0,0,0,0,0,0,35,20,9,10.3,5,0,12,68,55,4.6,84,38,37,35,30,24,4,5,0,0,0,0,0,0,
1996,7,0,0,0,0,0,6,50,22,57,58.3,22,0,25,14,7,0,20,38,37,35,65,43,45,29,37,13,14,10,17,20,0
1996,8,7,10,10,4,0,10,50,2,4,2,16,10,27,11,26,1.6,0,0,0,26,0,4,0,18,8,0,0,0,0,0,0
1996,9,0,0,0,0,5,0,5,6,0,0,3,58,9,4,20,1.5,32,4.8,4,0,8,3.2,0,0,0,23,15.3,109.8,59,0,
1996,10,0,12,0,0,10,0,0,0,0,5,50,0,0,16,5,2.1,16,0,17,0,10,26,3,0,0,0,0,0,0,0,0
1996,11,0,0,0,0,0,0,0,0,0,0,0,0,0,0,14,0,0,0,0,0,0,0,0,0,0,0,0,0,0,0,
1996,12,0,0,0,0,0,0,0,0,41,20,0,0,0,0,0,3.3,0,0,0,0,0,0,0,0,0,0,0,0,0,0,0
1997,1,0,0,0,0,0,0,0,0,0,0,0,0,0,0,0,0,0,0,0,0,0,0,0,0,0,0,0,0,0,0,0
1997,2,0,0,0,0,0,0,0,0,0,0,0,0,0,0,0,0,0,0,0,0,0,0,0,0,0,0,0,0,,,
1997,3,0,0,0,0,0,0,0,0,0,0,0,0,0,0,0,0,0,0,0,0,0,0,0,0,0,0,0,0,0,0,0
1997,4,0,8,0,0,0,0,0,0,0,0,0,0,0,0,0,0,0,0,0,0,0,0,0,0,0,0,0,0,0,0,
1997,5,0,7.3,0,0,0,0,55,0,0,0,0,0,0,0,0,0,0,0,0,0,0,0,0,0,0,29,5,0,0,0,0
1997,6,0,0,0,0,53,1,0,0,30,0,0,2,20,56,35.5,0,5,55,2,19,0,0,20,19,80,38,55,85,158,140,
1997,7,56,65,40,30,16,27,48,18.3,30,45,47,16.2,2,12,25,17.3,3,27,3,2.3,0,40,0,73,68,27,46,38,46,45,0
1997,8,40,0,42,17,0,20,145,120,2,0,9,0,0,0,0,0,8,3,10,2,17.3,50,28,3,7,27,10,11,45,14,0
1997,9,0,0,0,0,0,25,90,2,0,0,0,6,0,54,34,13,0,5,25,14,23,20,23,4,9,0,0,0,0,0,
1997,10,2,1,0,0,0,3,0,0,3,11,18,5,32,70,0,0,0,0,15,0,13.2,2,5,0,0,0,0,0,12.3,0,0
1997,11,0,3,52,0,0,0,0,0,60,1,45,0,0,0,0,0,0,0,12,0,0,0,0,26,14,0,0,0,0,0,
1997,12,0,0,0,0,0,0,0,0,0,0,0,0,0,0,0,0,0,0,4,0,0,0,0,0,0,0,0,0,0,0,0
1998,1,0,0,0,0,0,0,0,0,0,0,0,0,0,0,0,0,0,0,0,0,0,0,0,0,0,0,0,0,0,0,0
1998,2,0,0,0,0,0,0,0,0,0,0,0,0,0,0,0,0,0,0,0,0,0,0,0,0,0,0,0,0,,,
1998,3,0,0,0,0,0,0,0,0,0,0,0,0,0,0,0,0,0,0,0,0,0,0,0,0,0,0,0,10,0,0,0
1998,4,8,8,0,0,0,0,0,0,0,0,0,0,0,0,0,0,0,0,0,0,0,0,0,0,0,0,0,0,0,0,
1998,5,0,0,0,0,0,0,0,25.8,1,24.2,15,25,8,90,11,0,0,0,0,0,10,0,5,0,0,0,30,0,0,,
1998,6,0,35,0,7,5,0,39,3.3,2,24,60,0,3,6,14,5,4,71,32,28,3,22,37,61,30,59,24,74,46,75,
1998,7,24,64,65,82,15,8,0,25,35,20,20,30,50,5,3,0,5,18,4,10,20,0,42,0,37,9,20,10,14,9,3
1998,8,0,8,0,26,26,3,3,11,11.2,2,3,3,33,0,0,0,7,0,0,5,1,94,3,120,45,5,0,0,0,0,0
1998,9,68,2,0,20,10,40,10,16,59,22,4,30,42.4,33,15,28,1,0,0,17,4,0,0,40,2,12,0,0,25,8,
1998,10,0,0,10,3,0,0,5,12,2,69,51,62,12,140,27,14,7,32,10,0,0,0,0,0,0,22,2,3,21,0,0
1998,11,0,0,0,0,7,0,0,0,30,64,4,0,0,0,0,0,0,0,0,0,0,0,0,0,0,0,0,0,0,0,
1998,12,0,0,0,0,0,0,0,0,0,0,16.5,0,6,0,0,0,0,0,0,0,0,0,0,0,0,0,0,0,0,0,0
1999,1,0,0,0,0,0,0,0,0,0,0,0,0,0,0,0,0,0,0,0,0,0,0,0,0,0,0,0,0,0,0,0
1999,2,0,0,0,0,0,6,0,0,0,0,0,0,0,0,0,0,0,0,0,0,0,0,0,0,0,0,,,,,
1999,3,0,0,0,0,0,0,0,0,0,0,0,0,0,0,0,0,0,0,0,0,0,0,0,0,0,0,0,0,0,0,0
1999,4,0,0,0,0,0,2,2,4.3,0,0,0,0,0,0,0,0,0,0,1,0,0,0,0,0,40,9.4,0,0,0,0,
1999,5,0,0,0,0,0,0,0,50,0,0,0,0,20,2.3,0,0,0,0,15,0,0,5,0,46,40,50,6,58,0,20,25
1999,6,5,0,0,0,10,0,25,38,49,49,9,45,0,52,27,40,7,20,0,42,0,56,0,15,0,0,0,0,0,0,
1999,7,0,0,0,25,18,15,35,8,22,23,0,0,0,25,2,40,38,60,63,56,22,24,60,4,10,26,47,73,21,0,55
1999,8,58,50,18,33,6,18,7,0,20,46,0,8,0,0,0,0,0,0,0,0,0,0,0,0,0,0,0,0,0,0,0
1999,9,0,0,0,0,0,0,0,0,0,0,0,0,46,0,0,0,0,0,0,0,0,0,0,0,0,0,0,0,0,0,
1999,10,0,6,0,0,15,0,65,0,115,0,4,0,0,20,35,37,4,85,9,19,14,0,15,3,2,5,0,0,56,12,7
1999,11,5,0,0,0,0,2,0,0,0,0,0,0,0,0,0,0,0,0,0,0,0,0,0,0,0,0,0,0,0,0,
1999,12,0,0,0,0,0,0,0,0,0,0,0,0,0,0,0,0,0,0,0,0,0,0,0,0,0,0,0,0,0,0,0
2000,1,0,0,0,0,0,0,0,0,0,0,0,0,0,0,0,0,0,0,0,0,0,0,0,0,0,0,0,0,0,,
2000,2,0,0,0,0,0,0,0,0,0,0,0,0,0,0,0,0,0,0,0,0,0,0,0,,,,,,,,
2000,3,0,0,0,0,0,0,0,0,0,0,0,0,0,0,0,0,0,0,0,0,0,0,0,0,0,0,0,0,0,0,0
2000,4,0,0,0,0,0,0,0,0,0,0,0,0,0,0,0,0,0,0,0,0,0,0,2,1,0,0,0,0,0,0,
2000,5,0,0,0,0,0,0,0,0,0,0,0,0,0,0,0,1,1,23,5,8,0,0,0,0,1,20,45,16,0,0,0
2000,6,6,18,23,0,16,30,64,38,33,20,64,26,24,0,0,0,22,0,22,11,22,4,4,0,0,0,11,21,12,54,
2000,7,12,18,5,54,4,4,15,19,9,3,44,82,7,0,3,0,0,0,42,0,0,0,0,0,0,0,0,0,0,0,
2000,8,0,0,0,0,0,0,0,25,3,2,11,42,0,0,0,0,28,30,0,12,64,30,32,40,75,30,30,55,10,10,0
2000,9,0,0,0,15,19,0,0,14,0,0,0,0,0,0,0.4,8,0,0,0,0,0,0,2,0,0,59,0,9.5,0,0,
2000,10,0,0,35,0,88,0,0,2,4,0,0,0,0,0,0,0,0,38,0,0,0,0,7,0,0,0,0,0,0,0,0
2000,11,0,0,0,0,0,0,0,0,0,0,0,0,0,0,0,0,0,0,0,0,14,0,10.8,0,0,0,0,0,16,,
2000,12,17,0,0,0,0,0,0,0,0,0,0,0,0,0,0,0,0,0,0,0,0,0,0,0,0,0,0,8,0,0,0
2001,1,0,0,0,0,0,0,0,0,0,0,0,0,0,0,0,0,0,0,0,0,0,0,0,0,0,0,0,0,0,0,0
2001,2,0,8,0,0,0,10,0,0,0,0,0,0,0,0,0,0,0,0,0,0,0,0,0,0,0,0,0,0,,,
2001,3,0,0,0,0,0,0,0,0,0,0,0,0,0,0,0,0,0,0,0,0,0,0,0,0,0,0,0,0,0,0,0
2001,4,0,0,0,0,0,0,0,0,5,4,0,60,64,21,0,0,0,0,3,0,10,0,27,0,0,0,0,0,0,0,
2001,5,0,0,0,0,0,16,20,0,0,0,0,0,0,0,0,0,0,0,0,0,29,1.5,36,3.5,25,14,17,8.5,,,
2001,6,0,0,0,15,10,20,44,68,14.5,34,35,17,67,57,70,22,7.5,3,39,24,10,59,52,18,1,35,2,17,5,10.2,
2001,7,8,0,32,26,59,14,25,52,41,25,34.6,20,0,2.5,0,0,0,0,3,0,2,0,1,3,0,38,0,0,0,0,2
2001,8,0,10,16,26,0,0,2.3,14,9,0,4,18,16,8,32,20,8,52,5,6,15,8,19,0,0,0,0,3,3,,
2001,9,0,0,0,0,0,0,0,0,0,0,0,0,0,0,0,0,0,0,0,1,0,0,6,10,0,29,7,0,12,72,
2001,10,36,0,0,0,0,0,0,0,3,0,20,0,11,10,35,0,0,0,0,47,0,4,0,0,0,22,3,0,0,0,0
2001,11,0,0,0,0,0,0,39,0,0,0,1,0,7,0,18,0,25,0,0,0,0,0,0,0,0,0,0,0,0,0,
2001,12,0,0,0,0,0,0,0,0,0,0,0,0,0,0,0,0,0,0,0,0,0,0,0,0,0,0,0,0,0,0,0
2002,1,0,0,0,0,0,0,0,0,0,0,0,0,0,0,0,0,0,0,0,0,0,0,0,0,0,0,0,0,0,0,0
2002,2,0,0,0,0,0,,,,,,,,,,,,,,,,,,,,,,,,,,
2002,3,0,0,16,0,0,0,0,0,0,0,0,0,0,0,0,0,0,0,,,,,,,,,,,,,
2002,4,0,0,8,0,0,0,3,0,0,0,0,0.9,6,4,0,0,0,0,0,0,13,5,0,20,35,0,,,,,
2002,5,0,10,40,10,0,0,0,0,0,0,0,4,40,0,5,10,20,124,12,5,0,6,0,0,0,0,0,25,4,0,
2002,6,0,74,4,32,0,29,0,10,12,2,6,32,7,200,40,18,10,0,22,10,0,2,20,9,38,13,34,4,9,7,
2002,7,7,24,34.6,6,30,10,0,0,0,0,13.5,44,12,3,7,5,12,12,0,0,10,14,6,23,10,26,24,,,,
2002,8,7,6,3,10,20,34,5,18,12,12,16,0,8,18,12,88,130,74,15,0,0,10,5,2,21,9,0,0,0,0,0
2002,9,0,0,0,10,0,31,4,20,9,18,0,0,0,0,0,0,0,0,0,0,,,,,,,,,,,
2002,10,29,6,0,47,0,0,0,55,25,10,4,113,35,35,75,2,7,13,3,3,0,0,6,0,0,2,0,0,0,21,12
2002,11,0,0,0,0,0,0,3,0,0,2,0,0,0,0,0,0,0,0,0,0,0,8,3,0,0,0,0,0,0,0,
2002,12,0,0,0,0,0,0,0,0,0,0,0,0,0,0,0,0,0,0,0,0,0,0,0,0,0,0,0,0,0,0,
2003,1,0,0,0,0,0,0,0,0,0,0,0,0,0,0,0,0,0,0,0,0,0,0,0,0,0,0,0,0,0,0,0
2003,2,0,40,0,0,0,0,0,0,0,0,0,0,0,0,2,0,0,0,0,0,0,0,0,0,0,0,40,0,,,
2003,3,0,0,0,0,0,0,0,0,0,0,0,0,0,0,0,25,0,0,54,2,0,0,0,0,0,0,0,0,0,0,0
2003,4,0,0,0,54,0,0,0,0,0,34,0,0,0,23,0,,,,,,,,,,,,,,,,
2003,5,0,0,0,0,4,0,0,0,0,0,0,0,0,0,0,7,2,2,0,0,0,0,0,0,0,0,0,0,0,0,0
2003,6,0,0,0,0,0,0,7,44,0,7,0,0,0,48,16,15,41,52,20,12,60,68,105,33,2,5,6,0,2,2,
2003,7,30,13,4,7,34,75,4,0,0,10,10,26,2,28,48,45,20,20,14,0,0,1.5,31,10,20,11,19,46,15,0,0
2003,8,1.5,0,0,4,3,13,28,13,3,0,10,0,12,4,15,0,0,4,0,25,82,66,20,9,2,6,8,0,5,18,
2003,9,90,9,0,13,0.5,0,33,0,0,0,0,0,0,13,0,5,0,0,0,1,0,0,0,0,0,0,0,0,7,0,
2003,10,0,13,2,17,30,80,61,14,0,0,0,0,31,0,0,0,0,0,0,8,20,6,15,0,0,0,0,0,2,0,0
2003,11,15,12,9.8,9.2,0,2,0,0,0,0,0,0,0,0,0,0,0,0,0,0,0,0,0,0,0,0,0,0,0,0,
2003,12,0,0,0,0,0,0,0,0,0,0,0,0,0,0,0,0,0,0,0,0,0,0,0,0,0,0,0,0,0,0,0
2004,1,0,0,0,0,0,0,0,0,0,0,0,0,0,0,0,0,0,0,0,0,0,0,0,0,0,0,0,0,0,0,0
2004,2,0,0,0,0,0,0,0,0,0,0,0,0,0,0,0,0,0,0,0,0,0,0,0,0,0,0,0,0,0,,
2004,3,0,0,0,0,0,0,0,0,0,0,0,0,0,0,0,0,0,0,0,0,0,0,0,0,0,0,0,24,0,0,0
2004,4,15,0,5,23,0,18,0,0,0,0,0,0,0,0,0,0,0,0,0,0,0,15,0,10,0,0,3,0,0,0,
2004,5,0,0,27,18,33,50,85,55,0,0,0,0,0,0,0,5,20,25,34,9,20,34,17,20,25,6,0,0,1,3,14
2004,6,0,0,4,23,197,120,75,27,15,48,28,25,15,17,30,13,20,32,9,4,0,0,0,0,7,18,48,18,29,35,
2004,7,0,15,4,0,0,0,3,13,0,0,2,11,2,10,15,40,0,5,2,13,8,5,46,14,5,24,20,6,13,18,4
2004,8,0,0,8,100,43,32,22,4,0,0,0,0,110,55,8,2,1,0,0,0,0,0,4,0,0,0,0,0,0,0,0
2004,9,0,0,0,0,0,0,0,0,0,0,34,2,0,0,0,0,0,0,37,0,0,2,0,0,5,4,3,7,35,0,
2004,10,0,18,16,420,9,0,0,0,0,0,0,0,0,0,3,0,0,0,31,0,0,0,0,0,0,0,0,0,0,0,2
2005,1,0,0,0,0,0,0,0,0,0,0,0,0,0,0,0,0,0,0,0,0,0,0,0,0,0,0,0,0,0,0,0
2005,2,0,0,0,0,0,0,0,0,0,0,0,0,0,0,0,0,0,0,0,0,0,0,0,0,0,0,0,0,,,
2005,3,0,0,0,0,0,0,0,0,0,0,0,0,0,0,0,0,0,0,0,0,0,0,0,0,0,0,0,0,0,0,0
2005,4,0,0,0,9,9,0,100,0,0,0,0,0,0,0,0,0,0,0,0,0,56,0,0,0,0,0,0,0,0,0,
2005,5,0,0,0,0,0,0,0,0,0,0,0,0,0,0,0,0,0,0,0,0,0,0,0,0,0,0,74,0,0,0,0
2005,6,0,0,0,6,0,22,0,0,10,22,6,0,4,12,4,22,86,42,65,59,89,25,30,0,40,13,33,19,15,9,
2005,7,75,30,26,62,29,23,8,2,32,43,18,3,0,0,0,0,10,17,52,1,5,0,7,12,17,8,7,20,70,53,62
2005,8,57,48,27,24,19.5,5,0,0,9,3,12,0,0,26,12,52,8,0,0,0,0,0,0,0,0,2.5,0,0,0,0,0
2005,9,4,0,19,30,45,7,53,29,7,13,86,15,27,21,0,0,0,0,0,0,15,12,0,0,0,0,0,0,0,0,
2005,10,0,0,0,0,4,0,0,0,28,25,2,3,0,11,0,0,0,0,0,0,0,0,16,0,3,0,0,0,20,0,0
2005,11,7,0,1,0,0,3,0,0,0,0,0,19,2,4,0,0,0,0,0,0,0,0,0,0,0,0,0,0,0,0,
2005,12,0,0,0,0,0,0,0,0,0,0,0,0,0,0,0,0,0,0,0,0,0,0,0,0,0,0,0,0,0,0,0
2006,1,0,0,0,0,0,0,0,0,0,0,0,0,0,0,0,0,0,0,0,0,0,0,0,0,0,0,0,0,0,0,0
2006,2,0,0,0,0,0,0,0,0,0,0,0,0,0,0,0,0,0,0,0,0,0,0,0,0,0,0,0,0,,,
2006,3,0,0,0,0,0,0,0,0,0,0,0,0,0,0,0,0,0,0,0,0,0,0,0,0,0,0,0,0,0,0,55
2006,4,0,0,0,0,0,0,0,0,0,0,0,0,0,0,32,0,0,0,0,0,28,0,0,0,0,0,0,0,0,0,
2006,5,0,0,0,0,17,0,0,0,2,0,0,0,0,0,0,0,22,0,36,0,0,8,10,17,11,24,70,145,94,95,79
2006,6,10,0,0,0,2,90,100,48,16,17,7,16,46,41,580,74,7,0,12,16,24,0,0,0,9,0,0,0,0,,
2006,7,8,20,4,2.5,3,15,0,0,0,16,27,16,23,9,9,542.5,33,30,55,9,0,32,21,30,0,2,53,30,50,19,16
2006,8,6,1,23,10,10,0,0,0,29,20,81,72,80,53,40,35,75,20,12,52,1,0,0,0,0,0,0,0,0,0,0
2006,9,0,0,0,0,0,0,0,0,0,10,4,52,47,15,6,40,27,13,10,22,18,12,7,3,92,81.1,0,0,0,0,
2006,10,2,19,0,0,13,5,56,92,7,0,0,0,0,0,12,34,14,2,20,0,19,2,2,0,0,0,0,4,10,0,0
2006,11,0,0,24,7,34,26,22,24,4,0,0,0,0,0,0,0,0,0,46,0,0,5,0,0,0,0,0,0,0,0,
2006,12,0,0,0,0,0,0,0,0,0,0,0,0,0,0,0,0,0,0,0,0,0,0,0,0,0,0,0,0,0,0,0
2007,1,0,0,0,0,0,0,0,0,0,0,0,0,0,0,0,0,0,0,0,0,0,0,0,0,0,0,0,0,0,0,0
2007,2,0,0,0,0,0,0,0,0,0,0,0,0,0,0,0,0,0,0,0,0,0,0,0,0,0,0,0,0,,,
2007,3,0,0,0,0,0,0,0,0,0,0,0,0,0,0,0,0,0,0,0,0,0,0,0,0,0,0,0,0,0,0,0
2007,4,0,0,0,0,0,0,0,0,0,0,0,0,0,2,0,0,0,0,0,0,0,39,0,44,0,0,0,0,2,0,
2007,5,0,5,0,0,0,0,0,0,4.5,3,0,0,0,0,0,0,0,0,0,0,0,0,0,0,6,0,0,117,21,15,17
2007,6,0,0,0,1,0,5,0,44,3,33,16,94,52,20,37,23,28,35,65,59,17,117,145,30,5,22,22,4,2,25,
2007,7,76,106,112,67,39,30,22,14,39,74,50,18,21,54,19,24,118,37,4,0,80,12,6,5,68,4,20,13,17,8,4
2007,8,4,2,13,19,24,37,42,18,28,144,65,12,0,0,0,0,0,0,0,0,0,16,0,0,45,13,0,18,12,41,21
2007,9,22,5,6,0,37,65,22,5,0,5,0,11,0,16,37,51,52,74,65,21,0,5,20,22,123,20,0,4,0,0,
2007,10,19,0,0,5.2,0,0,1,0,0,0,0,92,0,0,0,0,7,24,22,106,13,8,3,0,15,0,17,44,33,84,0
2007,11,5.5,6,0,0,0,0,0,0,10,0,0,0,0,0,0,0,0,0,0,0,0,0,0,0,0,0,0,0,0,0,
2007,12,0,0,0,0,0,0,0,0,0,0,0,0,0,0,0,0,0,0,2,1,0,0,0,0,0,0,0,0,0,0,0
2008,1,0,0,0,0,0,0,0,0,0,0,0,0,0,0,0,0,0,0,0,0,0,0,0,0,0,0,0,0,0,0,0
2008,2,0,0,0,4,0,0,0,0,0,0,0,26,7,0,0,0,0,0,0,0,0,0,0,0,0,0,0,0,0,,
2008,3,0,0,28,0,0,0,0,0,0,0,0,0,0,108,0,74,24,0,0,0,54,7.2,0,17,0,0,0,0,0,0,0
2008,4,0,0,0,1,0,0,0,0,33,0,0,0,0,0,0,0,0,0,0,0,0,0,0,0,0,0,1,1,20,0,
2008,5,0,0,0,0,0,0,0,0,0,12,0,6,0,0,0,0.2,0,0,0,0,1,0,4,0,0,9.8,0,0,0,51.6,2.5
2008,6,2,9,3,3,8,11,28,7,55,25,22,1,28,6,2,0,1,3,40,1,6,8,20,4,10,24,19,43,45,45,
2008,7,55,12,0,0,0,0,24,3,25,13,3,28,4,0,0,2,0,1,2,16,4,2,5,4,14,25,23,48,20,30,35
2008,8,25,20,0,1,20,3,0,5,12,33,58,45,20,22,26,5,0,0,0,0,0,3,0,0,0,0,0,0,0,0,29
2008,9,0,0,0,82,0,0.2,14,20,58,14,31,25,19,7,0,21,0,0,0,8,0,0,13,0,0,0,0,0,0,0,
2008,10,0,0,0,0,0,0,22,0,24,0,3,0,0,0,2,0,0,6,15,18,40,4,0,35,74,84,0,0,0,0,0
2008,11,0,0,0,0,0,0,0,0,0,0,0,0,0,0,0,0,0,0,0,0,0,0,0,0,0,0,0,0,11,18,
2008,12,0,0,0,0,0,0,0,0,0,0,2,0,0,0,0,0,0,0,0,0,0,0,0,0,0,0,0,0,0,0,0
2009,1,0,0,0,0,0,0,0,0,0,0,0,0,0,0,0,0,0,0,0,0,0,0,0,0,0,0,0,0,0,0,0
2009,2,0,0,0,0,0,0,0,0,0,0,0,0,0,0,0,0,0,0,0,0,0,0,0,0,0,0,0,0,,,
2009,3,0,0,0,0,0,0,0,0,0,0,0,3,0,0,19,2,0,0,0,0,0,0,0,0,0,0,0,13,0,0,0
2009,4,0,0,0,0,0,0,0,11,0,6,0,13,0,0,0,0,0,0,0,0,0,0,0,0,0,0,0,0,0,0,
2009,5,0,0,0,0,0,0,0,4,8,0,0,0,12,0,0,1,2,20,0,6,26,0,0,11,75,14,5,0,0,0,12
2009,6,0,0,0,0,5,77,56,88,12,2,0,0,18,2.5,6.5,0,17,36,14,52,8.4,20,3,0,7,42,8,0,12,27,
2009,7,49,57,62.1,55,34,40,40,25.3,32,36,13,5,45,13.5,8,32,134,153,3.5,2.5,3,40,1.5,4,0,0,18,8,14,26,14
2009,8,66,2.5,4.5,8,7,2,2,2,2,2,11,2,3,0,3,0,97,0,2,29,19,6.5,37,30,7,19,5,9,9,21,17.3
2009,9,9.3,36,43.2,20,55,21,0,9,0,0,0,0,0,9,5,0,7,6,31,6.3,0,0,2.6,2,0,17,35,8,0,0,
2009,10,0,49,56,34,5,0,0,0,0,0,0,0,0,0,0,0,0,0,0,0,0,0,0,2,0,0,0,0,0,0,0
2009,11,0,0,0,0,0,0,0,56,22,9,33,6,0,0,0,2,2,0,0,4,9,0,10,0,0,0,0,0,0,0,
2009,12,0,0,0,0,0,0,0,0,0,0,0,0,0,0,0,0,0,0,0,0,0,0,0,0,0,0,7,1,0,0,0
2010,1,0,0,0,0,0,0,0,0,0,0,0,0,0,0,0,0,0,0,0,0,0,0,0,0,0,0,0,0,0,0,0
2010,2,0,0,0,0,0,0,0,0,0,0,0,0,0,0,0,0,0,0,0,0,0,0,0,0,0,0,0,0,,,
2010,3,0,0,0,0,0,0,0,0,0,0,0,0,0,0,0,0,3,0,0,0,0,0,0,0,0,0,1,0,0,0,0
2010,4,0,0,0,2,0,15,1,17.6,16,0,0,0,0,7.2,0,0,2,0,0,0,1,0,0,0,0,0,0,1,0,0,
2010,5,35.6,0,0,0,0,0,12.5,0,0,0,0,0,0,0,0,0,0,11.6,9.5,17,26,1,0,0,0,1,0,5.8,8,6,54
2010,6,1,3.5,4,4,0,0,1,4,17,15,6,96,90,77,35,5,15,16,1,8,19,53,56,30,46,24,43,26,101,44,
2010,7,16,31,37,34,98,20,8,2,0,0,0,0,0,22,4,32,34,16,34,32,27,27,2,16,4,7.5,10.5,31,20,57,38
2010,8,9,0,0,40,38,9,5,10,14,1.5,0,23,2,2,0,13.5,32,4,2.2,2.3,7,4,0,0,0,7,9,6,2,15,18
2010,9,1.5,0,0,14,2.5,0,2,28,1.5,23,38,4,2,50,11.5,18,5,0,32,8,0,7,69,44,2.5,0,14,9.5,5,0,
2010,10,2,11,19,25,21,20,143,18,4,7,0,0,0,0,8.5,49,4.1,13.5,21,11,4,14,34,0,0,0,7.5,75,22,23,20
2010,11,13,33,0,0,0,22,0,0,0,27,89,8,0,12,0,0,9,8.2,2,0.2,13,83,8,0,1,0,3,0,4,0,
2010,12,0,2,1,0,0,0,0,0,0,0,0,0,0,0,0,2,7,0,0,0,3,0,0,0,0,0,0,0,0,0,0
2011,1,0,0,0,0,0,0,0,0,0,0,0,0,0,0,0,0,0,0,0,0,0,0,0,0,0,0,0,0,0,0,0
2011,2,0,0,0,0,0,0,0,0,0,0,0,0,0,0,0,0,0,0,0,0,0,0,20,10,0,0,8,0,,,
2011,3,0,0,0,0,0,0,0,0,0,0,0,0,4,9,0,0,0,0,0,0,0,0,0,0,0,0,0,0,0,0,0
2011,4,0,0,0,0,0,0,0,0,0,0,0,0,0,0,0,0,0,0,5,0,0,0,0,5,0,0,0,0,0,0,
2011,5,3,0,0,105,0,0,0,0,1,0,0,0,0,0,0,0,0,0,0,0,0,0,0,0,0,0,0,28,9,1,12
2011,6,24,99,52,24,58,33,80,8,26,14,17.5,40,18,54,52,11,48,81,46,1,6,0,9,9,29,14,19,13,5,0,
2011,7,10,4,0,0,2.1,24,13.5,11,0,18,8.5,2,46,10,20,58,84,25,53,30,26,20,38,18,27,18,4,12,7.5,28,2
2011,8,5.3,0,50.6,43,25,73,93,15,46,4,37,9,76,0,0,2,1,1,3,10,13,1,5,18,14,1,5,11,12,46,86
2011,9,100,22,54,50,10,0,28,0,21,54,29,22,63,75,5,15,0,5,1,4,15,0,1,0,0,0,0,0,0,0,
2011,10,0,0,0,0,0,0,0,0,0,0,0,0,0,0,0,25,4,0,15,0,0,32,0,5,0,8,55,42,0,0,0
2011,11,1,13,26,42,0,3,6.2,100,0,0,0,0,0,0,0,0,0,0,0,0,0,0,0,0,1,4,4.5,23,2,0,
2011,12,0,0,0,0,0,0,0,0,0,0,0,0,0,0,0,0,0,0,0,0,0,0,0,0,0,0,0,0,0,0,0
2012,7,10,89,91,19,2,2,9,8.9,2.1,47,14.3,19.6,8,2.5,6,2.5,5,0,0,0,12,15,1,4,14,20,5,5,5,2,0
2012,8,0,0,0,0,14,3,38,33,64,52,14,50,14,1,0,34,20,20,32,0,3,12,13,0,36,25,6.2,44,58.4,39.8,39.8
2012,9,23,14,16,27,61,0,4,12,10,29,0,19,9,15,7,7,2,0,0,0,0,0,0,0.1,0,0,0,0,0,16.5,
2012,10,27,10,0,0,0,0,0,0,0,0,0,4,0,8.5,4,0,5,25,17.5,7.5,20,10,2,0,0,0,0,0,0,0,0
2012,11,23,12.5,0,0,0,0,0,71,1,0,0,0,0,0,0,0,0,0,0,0,0,0,0,0,0,0,0,0,0,0,
2012,12,0,0,0,0,0,0,0,0,0,0,0,0,0,0,0,0,0,0,0,0,0,0,0,0,0,0,0,0,0,27,0
2013,1,0,0,0,0,0,0,0,0,0,0,0,0,0,0,0,0,0,0,0,0,0,0,0,0,0,0,0,0,0,0,0
2013,2,0,0,0,0,0,0,0,0,0,0,0,0,0,0,0,1,4,0,31,0,0,0,0,0,0,0,0,0,,,
2013,3,0,0,0,0,0,0,0,0,0,18,0,0,0,0,0,0,0,0,0,0,0,0,0,0,0,0,0,0,0,0,0
2013,4,0,0,0,0,0,0,0,0,0,0,0,0,0,0,0,0,0,0,0,0,0,0,0,0,0,0,0,0,9,0,
2013,5,0,0,0,0.2,0,0,0,0,0,0,0,0,0,0,0,0,0,0,0,2.2,29,0,0,0.2,0,1.3,0,14,57,0,1
2013,6,37,52,57,5,2,1.5,56,22,70,18,34,54,43,44,26,76,46,55,53.8,20.3,28,61,42,45,80,60,28,35,5,11,
2013,7,10,15.5,25,80,14,23,30,10.5,8,48,23,47,29,38,3,8.4,29,74,46,40,25,26,14,17,56,32,60,20,20,0,11
2013,8,25,43,29,27,61,61,3,3,4,0.2,0,0,5,4,0,22,0,2,2,17,4,0,0,0,11,0,0,0,0,0,0
2013,9,0,0,0,5,0,0,9.5,4,1,6,0,35,7,10,36,50,29,25,49,11,16,16,4,2,2,0,0,4,1,8,
2013,10,5.5,0,22.5,0,0,0,11,5,40,1.6,0,3,73,4.4,12,0,158,0,26,36,0,20,4,50,60,4.6,0,0,0,35,2
2013,11,3,0,4.5,0,0,0,0,0,0,0,0,0,0,0,10,0,0,15,1,0,0,0,0,13,0,0,0,0,0,0,
2013,12,0,0,0,0,0,0,0,0,0,0,0,0,0,0,0,0,0,0,0,0,0,0,0,0,0,0,0,0,0,0,0
2014,1,0,0,0,0,0,0,0,0,0,0,0,0,0,0,0,0,0,0,0,0,0,0,0,0,0,0,0,0,0,0,0
2014,2,0,0,0,0,0,0,0,0,0,0,0,0,0,0,0,0,0,0,0,0,0,0,0,0,0,0,0,0,,,
2014,3,0,0,0,4,0,0,0,0,0,0,0,0,0,0,0,0,0,0,0,0,0,0,0,0,0,0,0,0,0,0,0
2014,4,0,0,0,0,0,0,2,0,11,0,0,0,25,0,0,0,0,0,0,0,0,0,0,0,0,0,0,16,0,0,
2014,5,0,0,0,0,75,0,2,100,135,10,0,0,0,0,0,0,0,0,0,1,1,0,0,0,0,0,0,0,28,6,0
2014,6,24,3,25,0,23,0,2,55,35,54,96,38,54,15,24,24,16,8,17,4.1,29.5,36,8,20,8,0,0,0,14,9,
2015,1,0,0,0,0,0,0,0,0,0,0,0,0,0,0,0,0,0,0,0,0,0,0,0,0,0,0,0,0,0,0,0
2015,2,0,0,0,0,0,0,0,0,0,0,0,0,0,0,0,0,0,0,0,0,0,0,0,0,0,0,0,0,,,
2015,3,0,0,0,0,0,0,0,0,0,0,0,0,0,0,0,28,0,0,0,0,0,0,0,0,0,0,0,0,0,,
